<?xml version="1.0" encoding="UTF-8"?>
<project-private xmlns="http://www.netbeans.org/ns/project-private/1">
    <editor-bookmarks xmlns="http://www.netbeans.org/ns/editor-bookmarks/2" lastBookmarkId="0"/>
    <open-files xmlns="http://www.netbeans.org/ns/projectui-open-files/2">
        <group>
            <file>file:/C:/Users/Abdullah/Documents/NetBeansProjects/SalesInvoiceGenerator%20SIg%20Project/src/view/JFrameForm.java</file>
            <file>file:/C:/Users/Abdullah/Documents/NetBeansProjects/SalesInvoiceGenerator%20SIg%20Project/src/controller/Controller.java</file>
        </group>
    </open-files>
</project-private>
